{"cameraMode":{"drawMode":0,"name":"Shaded","section":"Shading Mode"},"sceneLighting":true,"audioPlay":false,"sceneViewState":{"m_AlwaysRefresh":false,"showFog":true,"showSkybox":true,"showFlares":true,"showImageEffects":true,"showParticleSystems":true,"showVisualEffectGraphs":true,"m_FxEnabled":true},"in2DMode":false,"pivot":{"x":-0.12884806096553803,"y":0.11845456063747406,"z":-1.1385999917984009},"rotation":{"x":-0.16285742819309236,"y":0.3956316411495209,"z":-0.07154110819101334,"w":-0.9011755585670471},"size":0.6479039192199707,"orthographic":true}