{"cameraMode":{"drawMode":0,"name":"Shaded","section":"Shading Mode"},"sceneLighting":false,"audioPlay":false,"sceneViewState":{"m_AlwaysRefresh":false,"showFog":true,"showSkybox":false,"showFlares":true,"showImageEffects":true,"showParticleSystems":true,"showVisualEffectGraphs":true,"m_FxEnabled":true},"in2DMode":false,"pivot":{"x":-0.10820217430591583,"y":0.21771256625652314,"z":-0.040354013442993167},"rotation":{"x":-0.01290083210915327,"y":0.986339271068573,"z":-0.13397060334682465,"w":-0.09498052299022675},"size":0.4222515821456909,"orthographic":false}