{"cameraMode":{"drawMode":0,"name":"Shaded","section":"Shading Mode"},"sceneLighting":true,"audioPlay":false,"sceneViewState":{"m_AlwaysRefresh":false,"showFog":true,"showSkybox":false,"showFlares":true,"showImageEffects":true,"showParticleSystems":true,"showVisualEffectGraphs":true,"m_FxEnabled":true},"in2DMode":false,"pivot":{"x":-3.5762786865234377e-7,"y":1.9524999856948853,"z":0.008669376373291016},"rotation":{"x":-0.01290083210915327,"y":0.986339271068573,"z":-0.13397060334682465,"w":-0.09498052299022675},"size":4.003218173980713,"orthographic":false}